[
    {
        "fields": {
            "ftm_eid": null,
            "name_first": "Allen",
            "ftm_total_received": null,
            "dod_city": "",
            "dob_state": "",
            "id": 9694,
            "cl_id": "tenn-1",
            "name_middle": "",
            "religion": "",
            "is_alias_of_id": null,
            "date_dob": null,
            "date_granularity_dob": "",
            "date_dod": null,
            "date_granularity_dod": "",
            "dod_state": "",
            "slug": "allen-phillips",
            "name_last": "Phillips",
            "date_modified": "2020-07-16 17:58:34.127752",
            "gender": "m",
            "dob_city": "",
            "name_suffix": "",
            "has_photo": false,
            "date_created": "2020-07-16 17:58:34.127705",
            "fjc_id": null
        },
        "model": "people_db.person",
        "pk": 9694
    },
    {
        "fields": {
            "has_inferred_values": true,
            "date_referred_to_judicial_committee": null,
            "predecessor_id": null,
            "votes_no": null,
            "id": 35703,
            "date_granularity_start": "%Y",
            "location_city": "",
            "date_hearing": null,
            "voice_vote": null,
            "votes_yes": null,
            "date_start": "2014-11-26",
            "organization_name": null,
            "date_retirement": null,
            "votes_no_percent": null,
            "date_elected": null,
            "person_id": 9694,
            "school_id": null,
            "job_title": "",
            "supervisor_id": null,
            "termination_reason": "",
            "vote_type": "",
            "appointer_id": null,
            "judicial_committee_action": "",
            "date_granularity_termination": "",
            "date_confirmation": null,
            "location_state": "",
            "date_judicial_committee_action": null,
            "date_modified": "2020-07-16 17:58:34.147252",
            "position_type": "jud",
            "date_termination": null,
            "votes_yes_percent": null,
            "how_selected": "",
            "date_created": "2020-07-16 17:58:34.147217",
            "court_id": "tennworkcompcl",
            "date_nominated": null,
            "nomination_process": "",
            "date_recess_appointment": null
        },
        "model": "people_db.position",
        "pk": 35703
    },
    {
        "fields": {
            "date_accessed": "2020-07-16",
            "url": "",
            "notes": "Information extracted from Univ. of Tennessee database of case law for workers comp claims",
            "date_modified": "2020-07-16 17:58:34.152023",
            "person_id": 9694,
            "date_created": "2020-07-16 17:58:34.151991",
            "id": 5407
        },
        "model": "people_db.source",
        "pk": 9694
    },
    {
        "fields": {
            "ftm_eid": null,
            "name_first": "Amber",
            "ftm_total_received": null,
            "dod_city": "",
            "dob_state": "",
            "id": 9695,
            "cl_id": "tenn-2",
            "name_middle": "E.",
            "religion": "",
            "is_alias_of_id": null,
            "date_dob": null,
            "date_granularity_dob": "",
            "date_dod": null,
            "date_granularity_dod": "",
            "dod_state": "",
            "slug": "amber-e-luttrell",
            "name_last": "Luttrell",
            "date_modified": "2020-07-16 17:58:34.127752",
            "gender": "f",
            "dob_city": "",
            "name_suffix": "",
            "has_photo": false,
            "date_created": "2020-07-16 17:58:34.127705",
            "fjc_id": null
        },
        "model": "people_db.person",
        "pk": 9695
    },
    {
        "fields": {
            "has_inferred_values": true,
            "date_referred_to_judicial_committee": null,
            "predecessor_id": null,
            "votes_no": null,
            "id": 35704,
            "date_granularity_start": "%Y",
            "location_city": "",
            "date_hearing": null,
            "voice_vote": null,
            "votes_yes": null,
            "date_start": "2015-01-14",
            "organization_name": null,
            "date_retirement": null,
            "votes_no_percent": null,
            "date_elected": null,
            "person_id": 9695,
            "school_id": null,
            "job_title": "",
            "supervisor_id": null,
            "termination_reason": "",
            "vote_type": "",
            "appointer_id": null,
            "judicial_committee_action": "",
            "date_granularity_termination": "",
            "date_confirmation": null,
            "location_state": "",
            "date_judicial_committee_action": null,
            "date_modified": "2020-07-16 17:58:34.147252",
            "position_type": "jud",
            "date_termination": null,
            "votes_yes_percent": null,
            "how_selected": "",
            "date_created": "2020-07-16 17:58:34.147217",
            "court_id": "tennworkcompcl",
            "date_nominated": null,
            "nomination_process": "",
            "date_recess_appointment": null
        },
        "model": "people_db.position",
        "pk": 35704
    },
    {
        "fields": {
            "date_accessed": "2020-07-16",
            "url": "",
            "notes": "Information extracted from Univ. of Tennessee database of case law for workers comp claims",
            "date_modified": "2020-07-16 17:58:34.152023",
            "person_id": 9695,
            "date_created": "2020-07-16 17:58:34.151991",
            "id": 5407
        },
        "model": "people_db.source",
        "pk": 9695
    },
    {
        "fields": {
            "ftm_eid": null,
            "name_first": "Audrey",
            "ftm_total_received": null,
            "dod_city": "",
            "dob_state": "",
            "id": 9696,
            "cl_id": "tenn-3",
            "name_middle": "A.",
            "religion": "",
            "is_alias_of_id": null,
            "date_dob": null,
            "date_granularity_dob": "",
            "date_dod": null,
            "date_granularity_dod": "",
            "dod_state": "",
            "slug": "audrey-a-headrick",
            "name_last": "Headrick",
            "date_modified": "2020-07-16 17:58:34.127752",
            "gender": "f",
            "dob_city": "",
            "name_suffix": "",
            "has_photo": false,
            "date_created": "2020-07-16 17:58:34.127705",
            "fjc_id": null
        },
        "model": "people_db.person",
        "pk": 9696
    },
    {
        "fields": {
            "has_inferred_values": true,
            "date_referred_to_judicial_committee": null,
            "predecessor_id": null,
            "votes_no": null,
            "id": 35705,
            "date_granularity_start": "%Y",
            "location_city": "",
            "date_hearing": null,
            "voice_vote": null,
            "votes_yes": null,
            "date_start": "2015-08-31",
            "organization_name": null,
            "date_retirement": null,
            "votes_no_percent": null,
            "date_elected": null,
            "person_id": 9696,
            "school_id": null,
            "job_title": "",
            "supervisor_id": null,
            "termination_reason": "",
            "vote_type": "",
            "appointer_id": null,
            "judicial_committee_action": "",
            "date_granularity_termination": "",
            "date_confirmation": null,
            "location_state": "",
            "date_judicial_committee_action": null,
            "date_modified": "2020-07-16 17:58:34.147252",
            "position_type": "jud",
            "date_termination": null,
            "votes_yes_percent": null,
            "how_selected": "",
            "date_created": "2020-07-16 17:58:34.147217",
            "court_id": "tennworkcompcl",
            "date_nominated": null,
            "nomination_process": "",
            "date_recess_appointment": null
        },
        "model": "people_db.position",
        "pk": 35705
    },
    {
        "fields": {
            "date_accessed": "2020-07-16",
            "url": "",
            "notes": "Information extracted from Univ. of Tennessee database of case law for workers comp claims",
            "date_modified": "2020-07-16 17:58:34.152023",
            "person_id": 9696,
            "date_created": "2020-07-16 17:58:34.151991",
            "id": 5407
        },
        "model": "people_db.source",
        "pk": 9696
    },
    {
        "fields": {
            "ftm_eid": null,
            "name_first": "Brian",
            "ftm_total_received": null,
            "dod_city": "",
            "dob_state": "",
            "id": 9697,
            "cl_id": "tenn-4",
            "name_middle": "K.",
            "religion": "",
            "is_alias_of_id": null,
            "date_dob": null,
            "date_granularity_dob": "",
            "date_dod": null,
            "date_granularity_dod": "",
            "dod_state": "",
            "slug": "brian-k-addington",
            "name_last": "Addington",
            "date_modified": "2020-07-16 17:58:34.127752",
            "gender": "m",
            "dob_city": "",
            "name_suffix": "",
            "has_photo": false,
            "date_created": "2020-07-16 17:58:34.127705",
            "fjc_id": null
        },
        "model": "people_db.person",
        "pk": 9697
    },
    {
        "fields": {
            "has_inferred_values": true,
            "date_referred_to_judicial_committee": null,
            "predecessor_id": null,
            "votes_no": null,
            "id": 35706,
            "date_granularity_start": "%Y",
            "location_city": "",
            "date_hearing": null,
            "voice_vote": null,
            "votes_yes": null,
            "date_start": "2014-12-26",
            "organization_name": null,
            "date_retirement": null,
            "votes_no_percent": null,
            "date_elected": null,
            "person_id": 9697,
            "school_id": null,
            "job_title": "",
            "supervisor_id": null,
            "termination_reason": "",
            "vote_type": "",
            "appointer_id": null,
            "judicial_committee_action": "",
            "date_granularity_termination": "",
            "date_confirmation": null,
            "location_state": "",
            "date_judicial_committee_action": null,
            "date_modified": "2020-07-16 17:58:34.147252",
            "position_type": "jud",
            "date_termination": null,
            "votes_yes_percent": null,
            "how_selected": "",
            "date_created": "2020-07-16 17:58:34.147217",
            "court_id": "tennworkcompcl",
            "date_nominated": null,
            "nomination_process": "",
            "date_recess_appointment": null
        },
        "model": "people_db.position",
        "pk": 35706
    },
    {
        "fields": {
            "date_accessed": "2020-07-16",
            "url": "",
            "notes": "Information extracted from Univ. of Tennessee database of case law for workers comp claims",
            "date_modified": "2020-07-16 17:58:34.152023",
            "person_id": 9697,
            "date_created": "2020-07-16 17:58:34.151991",
            "id": 5407
        },
        "model": "people_db.source",
        "pk": 9697
    },
    {
        "fields": {
            "ftm_eid": null,
            "name_first": "Dale",
            "ftm_total_received": null,
            "dod_city": "",
            "dob_state": "",
            "id": 9698,
            "cl_id": "tenn-5",
            "name_middle": "",
            "religion": "",
            "is_alias_of_id": null,
            "date_dob": null,
            "date_granularity_dob": "",
            "date_dod": null,
            "date_granularity_dod": "",
            "dod_state": "",
            "slug": "dale-tipps",
            "name_last": "Tipps",
            "date_modified": "2020-07-16 17:58:34.127752",
            "gender": "m",
            "dob_city": "",
            "name_suffix": "",
            "has_photo": false,
            "date_created": "2020-07-16 17:58:34.127705",
            "fjc_id": null
        },
        "model": "people_db.person",
        "pk": 9698
    },
    {
        "fields": {
            "has_inferred_values": true,
            "date_referred_to_judicial_committee": null,
            "predecessor_id": null,
            "votes_no": null,
            "id": 35707,
            "date_granularity_start": "%Y",
            "location_city": "",
            "date_hearing": null,
            "voice_vote": null,
            "votes_yes": null,
            "date_start": "2015-03-05",
            "organization_name": null,
            "date_retirement": null,
            "votes_no_percent": null,
            "date_elected": null,
            "person_id": 9698,
            "school_id": null,
            "job_title": "",
            "supervisor_id": null,
            "termination_reason": "",
            "vote_type": "",
            "appointer_id": null,
            "judicial_committee_action": "",
            "date_granularity_termination": "",
            "date_confirmation": null,
            "location_state": "",
            "date_judicial_committee_action": null,
            "date_modified": "2020-07-16 17:58:34.147252",
            "position_type": "jud",
            "date_termination": null,
            "votes_yes_percent": null,
            "how_selected": "",
            "date_created": "2020-07-16 17:58:34.147217",
            "court_id": "tennworkcompcl",
            "date_nominated": null,
            "nomination_process": "",
            "date_recess_appointment": null
        },
        "model": "people_db.position",
        "pk": 35707
    },
    {
        "fields": {
            "date_accessed": "2020-07-16",
            "url": "",
            "notes": "Information extracted from Univ. of Tennessee database of case law for workers comp claims",
            "date_modified": "2020-07-16 17:58:34.152023",
            "person_id": 9698,
            "date_created": "2020-07-16 17:58:34.151991",
            "id": 5407
        },
        "model": "people_db.source",
        "pk": 9698
    },
    {
        "fields": {
            "ftm_eid": null,
            "name_first": "Deana",
            "ftm_total_received": null,
            "dod_city": "",
            "dob_state": "",
            "id": 9699,
            "cl_id": "tenn-6",
            "name_middle": "C.",
            "religion": "",
            "is_alias_of_id": null,
            "date_dob": null,
            "date_granularity_dob": "",
            "date_dod": null,
            "date_granularity_dod": "",
            "dod_state": "",
            "slug": "deana-c-seymour",
            "name_last": "Seymour",
            "date_modified": "2020-07-16 17:58:34.127752",
            "gender": "f",
            "dob_city": "",
            "name_suffix": "",
            "has_photo": false,
            "date_created": "2020-07-16 17:58:34.127705",
            "fjc_id": null
        },
        "model": "people_db.person",
        "pk": 9699
    },
    {
        "fields": {
            "has_inferred_values": true,
            "date_referred_to_judicial_committee": null,
            "predecessor_id": null,
            "votes_no": null,
            "id": 35708,
            "date_granularity_start": "%Y",
            "location_city": "",
            "date_hearing": null,
            "voice_vote": null,
            "votes_yes": null,
            "date_start": "2017-07-28",
            "organization_name": null,
            "date_retirement": null,
            "votes_no_percent": null,
            "date_elected": null,
            "person_id": 9699,
            "school_id": null,
            "job_title": "",
            "supervisor_id": null,
            "termination_reason": "",
            "vote_type": "",
            "appointer_id": null,
            "judicial_committee_action": "",
            "date_granularity_termination": "",
            "date_confirmation": null,
            "location_state": "",
            "date_judicial_committee_action": null,
            "date_modified": "2020-07-16 17:58:34.147252",
            "position_type": "jud",
            "date_termination": null,
            "votes_yes_percent": null,
            "how_selected": "",
            "date_created": "2020-07-16 17:58:34.147217",
            "court_id": "tennworkcompcl",
            "date_nominated": null,
            "nomination_process": "",
            "date_recess_appointment": null
        },
        "model": "people_db.position",
        "pk": 35708
    },
    {
        "fields": {
            "date_accessed": "2020-07-16",
            "url": "",
            "notes": "Information extracted from Univ. of Tennessee database of case law for workers comp claims",
            "date_modified": "2020-07-16 17:58:34.152023",
            "person_id": 9699,
            "date_created": "2020-07-16 17:58:34.151991",
            "id": 5407
        },
        "model": "people_db.source",
        "pk": 9699
    },
    {
        "fields": {
            "ftm_eid": null,
            "name_first": "Jim",
            "ftm_total_received": null,
            "dod_city": "",
            "dob_state": "",
            "id": 9700,
            "cl_id": "tenn-7",
            "name_middle": "",
            "religion": "",
            "is_alias_of_id": null,
            "date_dob": null,
            "date_granularity_dob": "",
            "date_dod": null,
            "date_granularity_dod": "",
            "dod_state": "",
            "slug": "jim-umsted",
            "name_last": "Umsted",
            "date_modified": "2020-07-16 17:58:34.127752",
            "gender": "m",
            "dob_city": "",
            "name_suffix": "",
            "has_photo": false,
            "date_created": "2020-07-16 17:58:34.127705",
            "fjc_id": null
        },
        "model": "people_db.person",
        "pk": 9700
    },
    {
        "fields": {
            "has_inferred_values": true,
            "date_referred_to_judicial_committee": null,
            "predecessor_id": null,
            "votes_no": null,
            "id": 35709,
            "date_granularity_start": "%Y",
            "location_city": "",
            "date_hearing": null,
            "voice_vote": null,
            "votes_yes": null,
            "date_start": "2014-10-09",
            "organization_name": null,
            "date_retirement": null,
            "votes_no_percent": null,
            "date_elected": null,
            "person_id": 9700,
            "school_id": null,
            "job_title": "",
            "supervisor_id": null,
            "termination_reason": "",
            "vote_type": "",
            "appointer_id": null,
            "judicial_committee_action": "",
            "date_granularity_termination": "",
            "date_confirmation": null,
            "location_state": "",
            "date_judicial_committee_action": null,
            "date_modified": "2020-07-16 17:58:34.147252",
            "position_type": "jud",
            "date_termination": null,
            "votes_yes_percent": null,
            "how_selected": "",
            "date_created": "2020-07-16 17:58:34.147217",
            "court_id": "tennworkcompcl",
            "date_nominated": null,
            "nomination_process": "",
            "date_recess_appointment": null
        },
        "model": "people_db.position",
        "pk": 35709
    },
    {
        "fields": {
            "date_accessed": "2020-07-16",
            "url": "",
            "notes": "Information extracted from Univ. of Tennessee database of case law for workers comp claims",
            "date_modified": "2020-07-16 17:58:34.152023",
            "person_id": 9700,
            "date_created": "2020-07-16 17:58:34.151991",
            "id": 5407
        },
        "model": "people_db.source",
        "pk": 9700
    },
    {
        "fields": {
            "ftm_eid": null,
            "name_first": "Joshua",
            "ftm_total_received": null,
            "dod_city": "",
            "dob_state": "",
            "id": 9701,
            "cl_id": "tenn-8",
            "name_middle": "Davis",
            "religion": "",
            "is_alias_of_id": null,
            "date_dob": null,
            "date_granularity_dob": "",
            "date_dod": null,
            "date_granularity_dod": "",
            "dod_state": "",
            "slug": "joshua-davis-baker",
            "name_last": "Baker",
            "date_modified": "2020-07-16 17:58:34.127752",
            "gender": "m",
            "dob_city": "",
            "name_suffix": "",
            "has_photo": false,
            "date_created": "2020-07-16 17:58:34.127705",
            "fjc_id": null
        },
        "model": "people_db.person",
        "pk": 9701
    },
    {
        "fields": {
            "has_inferred_values": true,
            "date_referred_to_judicial_committee": null,
            "predecessor_id": null,
            "votes_no": null,
            "id": 35710,
            "date_granularity_start": "%Y",
            "location_city": "",
            "date_hearing": null,
            "voice_vote": null,
            "votes_yes": null,
            "date_start": "2014-10-24",
            "organization_name": null,
            "date_retirement": null,
            "votes_no_percent": null,
            "date_elected": null,
            "person_id": 9701,
            "school_id": null,
            "job_title": "",
            "supervisor_id": null,
            "termination_reason": "",
            "vote_type": "",
            "appointer_id": null,
            "judicial_committee_action": "",
            "date_granularity_termination": "",
            "date_confirmation": null,
            "location_state": "",
            "date_judicial_committee_action": null,
            "date_modified": "2020-07-16 17:58:34.147252",
            "position_type": "jud",
            "date_termination": null,
            "votes_yes_percent": null,
            "how_selected": "",
            "date_created": "2020-07-16 17:58:34.147217",
            "court_id": "tennworkcompcl",
            "date_nominated": null,
            "nomination_process": "",
            "date_recess_appointment": null
        },
        "model": "people_db.position",
        "pk": 35710
    },
    {
        "fields": {
            "date_accessed": "2020-07-16",
            "url": "",
            "notes": "Information extracted from Univ. of Tennessee database of case law for workers comp claims",
            "date_modified": "2020-07-16 17:58:34.152023",
            "person_id": 9701,
            "date_created": "2020-07-16 17:58:34.151991",
            "id": 5407
        },
        "model": "people_db.source",
        "pk": 9701
    },
    {
        "fields": {
            "ftm_eid": null,
            "name_first": "Kenneth",
            "ftm_total_received": null,
            "dod_city": "",
            "dob_state": "",
            "id": 9702,
            "cl_id": "tenn-9",
            "name_middle": "M.",
            "religion": "",
            "is_alias_of_id": null,
            "date_dob": null,
            "date_granularity_dob": "",
            "date_dod": null,
            "date_granularity_dod": "",
            "dod_state": "",
            "slug": "kenneth-m-switzer",
            "name_last": "Switzer",
            "date_modified": "2020-07-16 17:58:34.127752",
            "gender": "m",
            "dob_city": "",
            "name_suffix": "",
            "has_photo": false,
            "date_created": "2020-07-16 17:58:34.127705",
            "fjc_id": null
        },
        "model": "people_db.person",
        "pk": 9702
    },
    {
        "fields": {
            "has_inferred_values": true,
            "date_referred_to_judicial_committee": null,
            "predecessor_id": null,
            "votes_no": null,
            "id": 35711,
            "date_granularity_start": "%Y",
            "location_city": "",
            "date_hearing": null,
            "voice_vote": null,
            "votes_yes": null,
            "date_start": "2014-09-17",
            "organization_name": null,
            "date_retirement": null,
            "votes_no_percent": null,
            "date_elected": null,
            "person_id": 9702,
            "school_id": null,
            "job_title": "",
            "supervisor_id": null,
            "termination_reason": "",
            "vote_type": "",
            "appointer_id": null,
            "judicial_committee_action": "",
            "date_granularity_termination": "",
            "date_confirmation": null,
            "location_state": "",
            "date_judicial_committee_action": null,
            "date_modified": "2020-07-16 17:58:34.147252",
            "position_type": "jud",
            "date_termination": null,
            "votes_yes_percent": null,
            "how_selected": "",
            "date_created": "2020-07-16 17:58:34.147217",
            "court_id": "tennworkcompcl",
            "date_nominated": null,
            "nomination_process": "",
            "date_recess_appointment": null
        },
        "model": "people_db.position",
        "pk": 35711
    },
    {
        "fields": {
            "date_accessed": "2020-07-16",
            "url": "",
            "notes": "Information extracted from Univ. of Tennessee database of case law for workers comp claims",
            "date_modified": "2020-07-16 17:58:34.152023",
            "person_id": 9702,
            "date_created": "2020-07-16 17:58:34.151991",
            "id": 5407
        },
        "model": "people_db.source",
        "pk": 9702
    },
    {
        "fields": {
            "ftm_eid": null,
            "name_first": "Lisa",
            "ftm_total_received": null,
            "dod_city": "",
            "dob_state": "",
            "id": 9703,
            "cl_id": "tenn-10",
            "name_middle": "A.",
            "religion": "",
            "is_alias_of_id": null,
            "date_dob": null,
            "date_granularity_dob": "",
            "date_dod": null,
            "date_granularity_dod": "",
            "dod_state": "",
            "slug": "lisa-a-lowe",
            "name_last": "Lowe",
            "date_modified": "2020-07-16 17:58:34.127752",
            "gender": "f",
            "dob_city": "",
            "name_suffix": "",
            "has_photo": false,
            "date_created": "2020-07-16 17:58:34.127705",
            "fjc_id": null
        },
        "model": "people_db.person",
        "pk": 9703
    },
    {
        "fields": {
            "has_inferred_values": true,
            "date_referred_to_judicial_committee": null,
            "predecessor_id": null,
            "votes_no": null,
            "id": 35712,
            "date_granularity_start": "%Y",
            "location_city": "",
            "date_hearing": null,
            "voice_vote": null,
            "votes_yes": null,
            "date_start": "2017-02-07",
            "organization_name": null,
            "date_retirement": null,
            "votes_no_percent": null,
            "date_elected": null,
            "person_id": 9703,
            "school_id": null,
            "job_title": "",
            "supervisor_id": null,
            "termination_reason": "",
            "vote_type": "",
            "appointer_id": null,
            "judicial_committee_action": "",
            "date_granularity_termination": "",
            "date_confirmation": null,
            "location_state": "",
            "date_judicial_committee_action": null,
            "date_modified": "2020-07-16 17:58:34.147252",
            "position_type": "jud",
            "date_termination": null,
            "votes_yes_percent": null,
            "how_selected": "",
            "date_created": "2020-07-16 17:58:34.147217",
            "court_id": "tennworkcompcl",
            "date_nominated": null,
            "nomination_process": "",
            "date_recess_appointment": null
        },
        "model": "people_db.position",
        "pk": 35712
    },
    {
        "fields": {
            "date_accessed": "2020-07-16",
            "url": "",
            "notes": "Information extracted from Univ. of Tennessee database of case law for workers comp claims",
            "date_modified": "2020-07-16 17:58:34.152023",
            "person_id": 9703,
            "date_created": "2020-07-16 17:58:34.151991",
            "id": 5407
        },
        "model": "people_db.source",
        "pk": 9703
    },
    {
        "fields": {
            "ftm_eid": null,
            "name_first": "Marshall",
            "ftm_total_received": null,
            "dod_city": "",
            "dob_state": "",
            "id": 9704,
            "cl_id": "tenn-11",
            "name_middle": "L.",
            "religion": "",
            "is_alias_of_id": null,
            "date_dob": null,
            "date_granularity_dob": "",
            "date_dod": null,
            "date_granularity_dod": "",
            "dod_state": "",
            "slug": "marshall-l-davidson-iii",
            "name_last": "Davidson",
            "date_modified": "2020-07-16 17:58:34.127752",
            "gender": "m",
            "dob_city": "",
            "name_suffix": "III",
            "has_photo": false,
            "date_created": "2020-07-16 17:58:34.127705",
            "fjc_id": null
        },
        "model": "people_db.person",
        "pk": 9704
    },
    {
        "fields": {
            "has_inferred_values": true,
            "date_referred_to_judicial_committee": null,
            "predecessor_id": null,
            "votes_no": null,
            "id": 35713,
            "date_granularity_start": "%Y",
            "location_city": "",
            "date_hearing": null,
            "voice_vote": null,
            "votes_yes": null,
            "date_start": "2014-10-02",
            "organization_name": null,
            "date_retirement": null,
            "votes_no_percent": null,
            "date_elected": null,
            "person_id": 9704,
            "school_id": null,
            "job_title": "",
            "supervisor_id": null,
            "termination_reason": "",
            "vote_type": "",
            "appointer_id": null,
            "judicial_committee_action": "",
            "date_granularity_termination": "",
            "date_confirmation": null,
            "location_state": "",
            "date_judicial_committee_action": null,
            "date_modified": "2020-07-16 17:58:34.147252",
            "position_type": "jud",
            "date_termination": null,
            "votes_yes_percent": null,
            "how_selected": "",
            "date_created": "2020-07-16 17:58:34.147217",
            "court_id": "tennworkcompcl",
            "date_nominated": null,
            "nomination_process": "",
            "date_recess_appointment": null
        },
        "model": "people_db.position",
        "pk": 35713
    },
    {
        "fields": {
            "date_accessed": "2020-07-16",
            "url": "",
            "notes": "Information extracted from Univ. of Tennessee database of case law for workers comp claims",
            "date_modified": "2020-07-16 17:58:34.152023",
            "person_id": 9704,
            "date_created": "2020-07-16 17:58:34.151991",
            "id": 5407
        },
        "model": "people_db.source",
        "pk": 9704
    },
    {
        "fields": {
            "ftm_eid": null,
            "name_first": "Pamela",
            "ftm_total_received": null,
            "dod_city": "",
            "dob_state": "",
            "id": 9705,
            "cl_id": "tenn-12",
            "name_middle": "B.",
            "religion": "",
            "is_alias_of_id": null,
            "date_dob": null,
            "date_granularity_dob": "",
            "date_dod": null,
            "date_granularity_dod": "",
            "dod_state": "",
            "slug": "pamela-b-johnson",
            "name_last": "Johnson",
            "date_modified": "2020-07-16 17:58:34.127752",
            "gender": "f",
            "dob_city": "",
            "name_suffix": "",
            "has_photo": false,
            "date_created": "2020-07-16 17:58:34.127705",
            "fjc_id": null
        },
        "model": "people_db.person",
        "pk": 9705
    },
    {
        "fields": {
            "has_inferred_values": true,
            "date_referred_to_judicial_committee": null,
            "predecessor_id": null,
            "votes_no": null,
            "id": 35714,
            "date_granularity_start": "%Y",
            "location_city": "",
            "date_hearing": null,
            "voice_vote": null,
            "votes_yes": null,
            "date_start": "2015-01-06",
            "organization_name": null,
            "date_retirement": null,
            "votes_no_percent": null,
            "date_elected": null,
            "person_id": 9705,
            "school_id": null,
            "job_title": "",
            "supervisor_id": null,
            "termination_reason": "",
            "vote_type": "",
            "appointer_id": null,
            "judicial_committee_action": "",
            "date_granularity_termination": "",
            "date_confirmation": null,
            "location_state": "",
            "date_judicial_committee_action": null,
            "date_modified": "2020-07-16 17:58:34.147252",
            "position_type": "jud",
            "date_termination": null,
            "votes_yes_percent": null,
            "how_selected": "",
            "date_created": "2020-07-16 17:58:34.147217",
            "court_id": "tennworkcompcl",
            "date_nominated": null,
            "nomination_process": "",
            "date_recess_appointment": null
        },
        "model": "people_db.position",
        "pk": 35714
    },
    {
        "fields": {
            "date_accessed": "2020-07-16",
            "url": "",
            "notes": "Information extracted from Univ. of Tennessee database of case law for workers comp claims",
            "date_modified": "2020-07-16 17:58:34.152023",
            "person_id": 9705,
            "date_created": "2020-07-16 17:58:34.151991",
            "id": 5407
        },
        "model": "people_db.source",
        "pk": 9705
    },
    {
        "fields": {
            "ftm_eid": null,
            "name_first": "Robert",
            "ftm_total_received": null,
            "dod_city": "",
            "dob_state": "",
            "id": 9706,
            "cl_id": "tenn-13",
            "name_middle": "",
            "religion": "",
            "is_alias_of_id": null,
            "date_dob": null,
            "date_granularity_dob": "",
            "date_dod": null,
            "date_granularity_dod": "",
            "dod_state": "",
            "slug": "robert-durham",
            "name_last": "Durham",
            "date_modified": "2020-07-16 17:58:34.127752",
            "gender": "m",
            "dob_city": "",
            "name_suffix": "",
            "has_photo": false,
            "date_created": "2020-07-16 17:58:34.127705",
            "fjc_id": null
        },
        "model": "people_db.person",
        "pk": 9706
    },
    {
        "fields": {
            "has_inferred_values": true,
            "date_referred_to_judicial_committee": null,
            "predecessor_id": null,
            "votes_no": null,
            "id": 35715,
            "date_granularity_start": "%Y",
            "location_city": "",
            "date_hearing": null,
            "voice_vote": null,
            "votes_yes": null,
            "date_start": "2016-01-28",
            "organization_name": null,
            "date_retirement": null,
            "votes_no_percent": null,
            "date_elected": null,
            "person_id": 9706,
            "school_id": null,
            "job_title": "",
            "supervisor_id": null,
            "termination_reason": "",
            "vote_type": "",
            "appointer_id": null,
            "judicial_committee_action": "",
            "date_granularity_termination": "",
            "date_confirmation": null,
            "location_state": "",
            "date_judicial_committee_action": null,
            "date_modified": "2020-07-16 17:58:34.147252",
            "position_type": "jud",
            "date_termination": null,
            "votes_yes_percent": null,
            "how_selected": "",
            "date_created": "2020-07-16 17:58:34.147217",
            "court_id": "tennworkcompcl",
            "date_nominated": null,
            "nomination_process": "",
            "date_recess_appointment": null
        },
        "model": "people_db.position",
        "pk": 35715
    },
    {
        "fields": {
            "date_accessed": "2020-07-16",
            "url": "",
            "notes": "Information extracted from Univ. of Tennessee database of case law for workers comp claims",
            "date_modified": "2020-07-16 17:58:34.152023",
            "person_id": 9706,
            "date_created": "2020-07-16 17:58:34.151991",
            "id": 5407
        },
        "model": "people_db.source",
        "pk": 9706
    },
    {
        "fields": {
            "ftm_eid": null,
            "name_first": "Thomas",
            "ftm_total_received": null,
            "dod_city": "",
            "dob_state": "",
            "id": 9707,
            "cl_id": "tenn-14",
            "name_middle": "",
            "religion": "",
            "is_alias_of_id": null,
            "date_dob": null,
            "date_granularity_dob": "",
            "date_dod": null,
            "date_granularity_dod": "",
            "dod_state": "",
            "slug": "thomas-wyatt",
            "name_last": "Wyatt",
            "date_modified": "2020-07-16 17:58:34.127752",
            "gender": "m",
            "dob_city": "",
            "name_suffix": "",
            "has_photo": false,
            "date_created": "2020-07-16 17:58:34.127705",
            "fjc_id": null
        },
        "model": "people_db.person",
        "pk": 9707
    },
    {
        "fields": {
            "has_inferred_values": true,
            "date_referred_to_judicial_committee": null,
            "predecessor_id": null,
            "votes_no": null,
            "id": 35716,
            "date_granularity_start": "%Y",
            "location_city": "",
            "date_hearing": null,
            "voice_vote": null,
            "votes_yes": null,
            "date_start": "2014-11-07",
            "organization_name": null,
            "date_retirement": null,
            "votes_no_percent": null,
            "date_elected": null,
            "person_id": 9707,
            "school_id": null,
            "job_title": "",
            "supervisor_id": null,
            "termination_reason": "",
            "vote_type": "",
            "appointer_id": null,
            "judicial_committee_action": "",
            "date_granularity_termination": "",
            "date_confirmation": null,
            "location_state": "",
            "date_judicial_committee_action": null,
            "date_modified": "2020-07-16 17:58:34.147252",
            "position_type": "jud",
            "date_termination": null,
            "votes_yes_percent": null,
            "how_selected": "",
            "date_created": "2020-07-16 17:58:34.147217",
            "court_id": "tennworkcompcl",
            "date_nominated": null,
            "nomination_process": "",
            "date_recess_appointment": null
        },
        "model": "people_db.position",
        "pk": 35716
    },
    {
        "fields": {
            "date_accessed": "2020-07-16",
            "url": "",
            "notes": "Information extracted from Univ. of Tennessee database of case law for workers comp claims",
            "date_modified": "2020-07-16 17:58:34.152023",
            "person_id": 9707,
            "date_created": "2020-07-16 17:58:34.151991",
            "id": 5407
        },
        "model": "people_db.source",
        "pk": 9707
    },
    {
        "fields": {
            "ftm_eid": null,
            "name_first": "David",
            "ftm_total_received": null,
            "dod_city": "",
            "dob_state": "",
            "id": 9708,
            "cl_id": "tenn-15",
            "name_middle": "F.",
            "religion": "",
            "is_alias_of_id": null,
            "date_dob": null,
            "date_granularity_dob": "",
            "date_dod": null,
            "date_granularity_dod": "",
            "dod_state": "",
            "slug": "david-f-hensley",
            "name_last": "Hensley",
            "date_modified": "2020-07-16 17:58:34.127752",
            "gender": "m",
            "dob_city": "",
            "name_suffix": "",
            "has_photo": false,
            "date_created": "2020-07-16 17:58:34.127705",
            "fjc_id": null
        },
        "model": "people_db.person",
        "pk": 9708
    },
    {
        "fields": {
            "has_inferred_values": true,
            "date_referred_to_judicial_committee": null,
            "predecessor_id": null,
            "votes_no": null,
            "id": 35717,
            "date_granularity_start": "%Y",
            "location_city": "",
            "date_hearing": null,
            "voice_vote": null,
            "votes_yes": null,
            "date_start": "2014-11-10",
            "organization_name": null,
            "date_retirement": null,
            "votes_no_percent": null,
            "date_elected": null,
            "person_id": 9708,
            "school_id": null,
            "job_title": "",
            "supervisor_id": null,
            "termination_reason": "",
            "vote_type": "",
            "appointer_id": null,
            "judicial_committee_action": "",
            "date_granularity_termination": "",
            "date_confirmation": null,
            "location_state": "",
            "date_judicial_committee_action": null,
            "date_modified": "2020-07-16 17:58:34.147252",
            "position_type": "jud",
            "date_termination": null,
            "votes_yes_percent": null,
            "how_selected": "a_gov",
            "date_created": "2020-07-16 17:58:34.147217",
            "court_id": "tennworkcompapp",
            "date_nominated": null,
            "nomination_process": "",
            "date_recess_appointment": null
        },
        "model": "people_db.position",
        "pk": 35717
    },
    {
        "fields": {
            "date_accessed": "2020-07-16",
            "url": "",
            "notes": "Information extracted from Univ. of Tennessee database of case law for workers comp claims",
            "date_modified": "2020-07-16 17:58:34.152023",
            "person_id": 9708,
            "date_created": "2020-07-16 17:58:34.151991",
            "id": 5407
        },
        "model": "people_db.source",
        "pk": 9708
    },
    {
        "fields": {
            "ftm_eid": null,
            "name_first": "Timothy",
            "ftm_total_received": null,
            "dod_city": "",
            "dob_state": "",
            "id": 9709,
            "cl_id": "tenn-16",
            "name_middle": "W.",
            "religion": "",
            "is_alias_of_id": null,
            "date_dob": null,
            "date_granularity_dob": "",
            "date_dod": null,
            "date_granularity_dod": "",
            "dod_state": "",
            "slug": "timothy-w-conner",
            "name_last": "Conner",
            "date_modified": "2020-07-16 17:58:34.127752",
            "gender": "m",
            "dob_city": "",
            "name_suffix": "",
            "has_photo": false,
            "date_created": "2020-07-16 17:58:34.127705",
            "fjc_id": null
        },
        "model": "people_db.person",
        "pk": 9709
    },
    {
        "fields": {
            "has_inferred_values": true,
            "date_referred_to_judicial_committee": null,
            "predecessor_id": null,
            "votes_no": null,
            "id": 35718,
            "date_granularity_start": "%Y",
            "location_city": "",
            "date_hearing": null,
            "voice_vote": null,
            "votes_yes": null,
            "date_start": "2014-12-08",
            "organization_name": null,
            "date_retirement": null,
            "votes_no_percent": null,
            "date_elected": null,
            "person_id": 9709,
            "school_id": null,
            "job_title": "",
            "supervisor_id": null,
            "termination_reason": "",
            "vote_type": "",
            "appointer_id": null,
            "judicial_committee_action": "",
            "date_granularity_termination": "",
            "date_confirmation": null,
            "location_state": "",
            "date_judicial_committee_action": null,
            "date_modified": "2020-07-16 17:58:34.147252",
            "position_type": "jud",
            "date_termination": null,
            "votes_yes_percent": null,
            "how_selected": "a_gov",
            "date_created": "2020-07-16 17:58:34.147217",
            "court_id": "tennworkcompapp",
            "date_nominated": null,
            "nomination_process": "",
            "date_recess_appointment": null
        },
        "model": "people_db.position",
        "pk": 35718
    },
    {
        "fields": {
            "date_accessed": "2020-07-16",
            "url": "",
            "notes": "Information extracted from Univ. of Tennessee database of case law for workers comp claims",
            "date_modified": "2020-07-16 17:58:34.152023",
            "person_id": 9709,
            "date_created": "2020-07-16 17:58:34.151991",
            "id": 5407
        },
        "model": "people_db.source",
        "pk": 9709
    },
    {
        "fields": {
            "ftm_eid": null,
            "name_first": "Pele",
            "ftm_total_received": null,
            "dod_city": "",
            "dob_state": "",
            "id": 9710,
            "cl_id": "tenn-17",
            "name_middle": "I.",
            "religion": "",
            "is_alias_of_id": null,
            "date_dob": null,
            "date_granularity_dob": "",
            "date_dod": null,
            "date_granularity_dod": "",
            "dod_state": "",
            "slug": "pele-i-godkin",
            "name_last": "Godkin",
            "date_modified": "2020-07-16 17:58:34.127752",
            "gender": "m",
            "dob_city": "",
            "name_suffix": "",
            "has_photo": false,
            "date_created": "2020-07-16 17:58:34.127705",
            "fjc_id": null
        },
        "model": "people_db.person",
        "pk": 9710
    },
    {
        "fields": {
            "has_inferred_values": true,
            "date_referred_to_judicial_committee": null,
            "predecessor_id": null,
            "votes_no": null,
            "id": 35719,
            "date_granularity_start": "%Y",
            "location_city": "",
            "date_hearing": null,
            "voice_vote": null,
            "votes_yes": null,
            "date_start": "2014-07-01",
            "organization_name": null,
            "date_retirement": null,
            "votes_no_percent": null,
            "date_elected": null,
            "person_id": 9710,
            "school_id": null,
            "job_title": "",
            "supervisor_id": null,
            "termination_reason": "",
            "vote_type": "",
            "appointer_id": null,
            "judicial_committee_action": "",
            "date_granularity_termination": "",
            "date_confirmation": null,
            "location_state": "",
            "date_judicial_committee_action": null,
            "date_modified": "2020-07-16 17:58:34.147252",
            "position_type": "jud",
            "date_termination": null,
            "votes_yes_percent": null,
            "how_selected": "a_gov",
            "date_created": "2020-07-16 17:58:34.147217",
            "court_id": "tennworkcompapp",
            "date_nominated": null,
            "nomination_process": "",
            "date_recess_appointment": null
        },
        "model": "people_db.position",
        "pk": 35719
    },
    {
        "fields": {
            "date_accessed": "2020-07-16",
            "url": "",
            "notes": "Information extracted from Univ. of Tennessee database of case law for workers comp claims",
            "date_modified": "2020-07-16 17:58:34.152023",
            "person_id": 9710,
            "date_created": "2020-07-16 17:58:34.151991",
            "id": 5407
        },
        "model": "people_db.source",
        "pk": 9710
    }
]